;0;1;2;3;4;5;6;7;8;9
0;3350101;83751;2024-10-07;46;30261;3,2277;5,6943;48134,5721;391496,1169;SSA
1;3350101;83751;2024-10-08;47;30184;3,3004;5,9388;41527,6841;406855,6341;SSA
2;3350101;83751;2024-10-09;48;30091;3,3709;6,1885;35753,5418;420798,1337;SSA
3;3350101;83751;2024-10-10;49;29979;3,4392;6,4433;29101,6034;434973,6639;SSA
4;3820207;84103;2024-10-07;41;40722;2,831;4,7767;78044,2242;440851,6582;SSA
5;3820207;84103;2024-10-08;42;40650;2,9241;5,0263;75160,5142;459849,4676;SSA
6;3820207;84103;2024-10-09;43;40565;3,0154;5,2823;71693,9284;478872,0927;SSA
7;3820207;84103;2024-10-10;44;40463;3,1049;5,5447;67152,5819;498322,1651;SSA
8;3820207;84103;2024-10-11;45;40340;3,1924;5,8136;61457,1459;518186,9475;SSA
9;3820207;84103;2024-10-12;46;40191;3,2779;6,0888;54101,4531;538863,2418;SSA
10;3820207;84103;2024-10-13;47;40011;3,3612;6,3705;45817,4543;559505,9538;SSA
11;3820207;84103;2024-10-14;48;39794;3,4425;6,6585;36084,0515;580504,1311;SSA
12;3820207;84103;2024-10-15;49;39535;3,5215;6,953;24808,3257;601830,0205;SSA
13;3840210;84039;2024-10-07;45;39733;3,1674;5,4823;76956,2208;489502,6004;SSA
14;3840210;84039;2024-10-08;46;39582;3,2522;5,7343;71279,2196;508130,8839;SSA
15;3840210;84039;2024-10-09;47;39400;3,3349;5,992;64684,5169;526726,2665;SSA
16;3840210;84039;2024-10-10;48;39181;3,4155;6,2553;56704,5694;545625,5175;SSA
17;3840210;84039;2024-10-11;49;38919;3,4938;6,5243;47229,8827;564802,8965;SSA
18;3010207;84125;2024-10-07;38;28031;2,3598;4,0996;27402,6141;270331,1219;SSA
19;3010207;84125;2024-10-08;39;28010;2,4417;4,3123;26445,0772;281389,7423;SSA
20;3010207;84125;2024-10-09;40;27987;2,5221;4,5304;24990,9662;292717,4807;SSA
21;3010207;84125;2024-10-10;41;27962;2,6009;4,7539;22626,6903;304713,0502;SSA
22;3010207;84125;2024-10-11;42;27933;2,678;4,9827;20117,3458;316574,2556;SSA
23;3010207;84125;2024-10-12;43;27899;2,7533;5,2168;17040,0746;328698,3473;SSA
24;3010207;84125;2024-10-13;44;27858;2,8267;5,4564;13360,8367;341081,5378;SSA
25;3010207;84125;2024-10-14;45;27808;2,8983;5,7012;9045,9234;353718,922;SSA
26;3010207;84125;2024-10-15;46;27748;2,968;5,9515;4075,0139;366604,8619;SSA
27;3350107;83743;2024-10-07;45;28671;3,1748;5,6558;39733,8228;369966,0655;SSA
28;3350107;83743;2024-10-08;46;28564;3,2604;5,9142;34027,4723;385147,008;SSA
29;3350107;83743;2024-10-09;47;28434;3,3439;6,1784;29052,9118;398906,3511;SSA
30;3350107;83743;2024-10-10;48;28278;3,4254;6,4484;23089,3671;412889,2884;SSA
31;3350107;83743;2024-10-11;49;28091;3,5047;6,7241;16047,2777;427076,8634;SSA
32;2450101;84032;2024-10-07;44;17976;3,0199;4,8393;57725,1827;186614,0106;SSA
33;2450101;84032;2024-10-08;45;17922;3,1056;5,0672;56693,4149;193826,6446;SSA
34;2450101;84032;2024-10-09;46;17856;3,1894;5,3003;55152,993;201178,4857;SSA
35;2450101;84032;2024-10-10;47;17776;3,2712;5,5386;52349,2867;209377,6145;SSA
36;2450101;84032;2024-10-11;48;17680;3,3509;5,7822;49673,3362;216985,2607;SSA
37;2450101;84032;2024-10-12;49;17566;3,4286;6,0311;46370,8647;224706,9295;SSA
38;3880108;84029;2024-10-07;42;40379;2,629;4,3535;69413,1684;408395,6603;SSA
39;3880108;84029;2024-10-08;43;40293;2,7119;4,5691;67525,8795;424303,5956;SSA
40;3880108;84029;2024-10-09;44;40190;2,7932;4,7898;64715,6777;440554,7425;SSA
41;3880108;84029;2024-10-10;45;40065;2,8727;5,0158;60897,266;457138,0275;SSA
42;3880108;84029;2024-10-11;46;39914;2,9503;5,2469;55682,0249;474355,2526;SSA
43;3880108;84029;2024-10-12;47;39732;3,0261;5,4833;49614,1937;491559,7099;SSA
44;3880108;84029;2024-10-13;48;39513;3,1;5,7249;42278,8878;509046,7478;SSA
45;3880108;84029;2024-10-14;49;39251;3,1719;5,9718;33576,118;526792,7417;SSA
46;1990101;84080;2024-10-07;41;21257;2,5559;4,1002;40642,096;203899,1842;SSA
47;1990101;84080;2024-10-08;42;21236;2,632;4,2996;39815,1949;211758,7533;SSA
48;1990101;84080;2024-10-09;43;21211;2,7064;4,5038;38583,8659;219795,4807;SSA
49;1990101;84080;2024-10-10;44;21181;2,779;4,7127;36928,3094;228006,9887;SSA
50;1990101;84080;2024-10-11;45;21145;2,8497;4,9263;34829,3194;236390,3711;SSA
51;1990101;84080;2024-10-12;46;21101;2,9186;5,1447;31908,407;245288,953;SSA
52;1990101;84080;2024-10-13;47;21047;2,9856;5,3678;28828,6193;254003,4206;SSA
53;1990101;84080;2024-10-14;48;20982;3,0506;5,5956;25224,8219;262875,3736;SSA
54;1990101;84080;2024-10-15;49;20904;3,1137;5,8282;21066,4592;271898,0582;SSA
55;3010311;84129;2024-10-07;38;29156;2,5438;3,9886;57653,2904;276177,3264;SSA
56;3010311;84129;2024-10-08;39;29119;2,6417;4,2056;58073,922;288153,4397;SSA
57;3010311;84129;2024-10-09;40;29078;2,7382;4,4284;58351,8532;300019,4767;SSA
58;3010311;84129;2024-10-10;41;29032;2,8332;4,6569;58052,661;312172,481;SSA
59;3010311;84129;2024-10-11;42;28978;2,9267;4,8912;56717,6773;325008,0505;SSA
60;3010311;84129;2024-10-12;43;28915;3,0184;5,1312;55113,4929;337721,0908;SSA
61;3010311;84129;2024-10-13;44;28839;3,1083;5,377;52767,6409;350704,4226;SSA
62;3010311;84129;2024-10-14;45;28747;3,1963;5,6285;50019,943;363549,0732;SSA
63;3010311;84129;2024-10-15;46;28636;3,2823;5,8858;45610,0909;377444,1511;SSA
64;3010311;84129;2024-10-16;47;28502;3,3662;6,1488;40663,3125;391176,2369;SSA
65;3880107;84028;2024-10-07;42;39154;2,2655;3,8269;31121,6352;368124,4355;SSA
66;3880107;84028;2024-10-08;43;39103;2,3304;4,0103;28717,2618;381438,5694;SSA
67;3880107;84028;2024-10-09;44;39042;2,3938;4,1981;25296,8805;395358,7441;SSA
68;3880107;84028;2024-10-10;45;38968;2,4556;4,3902;21447,4919;409248,9518;SSA
69;3880107;84028;2024-10-11;46;38878;2,5157;4,5865;16810,8597;423417,3805;SSA
70;3880107;84028;2024-10-12;47;38769;2,5742;4,7872;11344,522;437855,5176;SSA
71;3880107;84028;2024-10-13;48;38637;2,631;4,9922;4680,1389;452868,0741;SSA
72;2100205;84149;2024-10-07;39;18816;2,5074;4,2618;24293,4566;188057,3535;SSA
73;2100205;84149;2024-10-08;40;18790;2,5994;4,4874;24015,7725;195822,5965;SSA
74;2100205;84149;2024-10-09;41;18760;2,69;4,7188;23363,3904;203775,356;SSA
75;2100205;84149;2024-10-10;42;18726;2,7791;4,956;22323,153;211913,2542;SSA
76;2100205;84149;2024-10-11;43;18685;2,8665;5,1991;20846,1482;220232,4498;SSA
77;2100205;84149;2024-10-12;44;18636;2,9522;5,448;18907,5527;228728,4219;SSA
78;2100205;84149;2024-10-13;45;18577;3,0361;5,7027;16470,1285;237395,4606;SSA
79;2100205;84149;2024-10-14;46;18506;3,1181;5,9632;13496,547;246226,5822;SSA
80;2100205;84149;2024-10-15;47;18420;3,1981;6,2295;9935,7009;255212,9555;SSA
81;2100205;84149;2024-10-16;48;18317;3,2761;6,5017;5431,8032;264662,6728;SSA
82;1700204;83816;2024-10-07;42;30258;2,8479;4,8563;54407,3645;333451,9289;SSA
83;1700204;83816;2024-10-08;43;30196;2,9376;5,0946;51842,6187;347412,8133;SSA
84;1700204;83816;2024-10-09;44;30121;3,0255;5,3387;49308,0661;360878,6302;SSA
85;1700204;83816;2024-10-10;45;30031;3,1116;5,5884;45980,3212;374618,5467;SSA
86;1700204;83816;2024-10-11;46;29922;3,1958;5,8439;41786,7287;388621,7869;SSA
87;1700204;83816;2024-10-12;47;29790;3,278;6,1051;35876,2537;403652,6646;SSA
88;1700204;83816;2024-10-13;48;29631;3,3581;6,372;29730,3391;418140,0153;SSA
89;1700204;83816;2024-10-14;49;29441;3,4362;6,6447;22497,7663;432842,6295;SSA
90;190104;84079;2024-10-07;40;30283;2,8991;4,4139;86969,4099;308191,4491;SSA
91;190104;84079;2024-10-08;41;30238;2,9992;4,6416;87395,2785;320803,8879;SSA
92;190104;84079;2024-10-09;42;30186;3,0977;4,8751;87160,2275;333711,5734;SSA
93;190104;84079;2024-10-10;43;30125;3,1943;5,1142;86215,0323;346909,4708;SSA
94;190104;84079;2024-10-11;44;30051;3,289;5,3591;83624,5019;361248,0673;SSA
95;190104;84079;2024-10-12;45;29962;3,3817;5,6098;81053,9592;375003,7225;SSA
96;190104;84079;2024-10-13;46;29855;3,4724;5,8661;77581,6917;389023,7145;SSA
97;190104;84079;2024-10-14;47;29725;3,5608;6,1282;73112,5408;403294,7541;SSA
98;190104;84079;2024-10-15;48;29569;3,647;6,3961;67581,5244;417801,3559;SSA
99;190104;84079;2024-10-16;49;29382;3,731;6,6696;60034,3878;433382,3098;SSA
100;3350105;83754;2024-10-07;45;29313;3,8013;6,2941;87584,209;413947,4888;SSA
101;3350105;83754;2024-10-08;46;29206;3,9012;6,5794;83627,1938;429209,1702;SSA
102;3350105;83754;2024-10-09;47;29076;3,9986;6,871;78567,563;444739,1109;SSA
103;3350105;83754;2024-10-10;48;28920;4,0936;7,1689;72333,9225;460520,117;SSA
104;3350105;83754;2024-10-11;49;28733;4,1859;7,4731;66480,1387;474870,5065;SSA
105;3010416;84134;2024-10-07;38;30107;2,5326;3,8959;65692,8006;277508,8049;SSA
106;3010416;84134;2024-10-08;39;30070;2,63;4,1081;66761,765;289199,5292;SSA
107;3010416;84134;2024-10-09;40;30029;2,7261;4,326;67279,2708;301184,4895;SSA
108;3010416;84134;2024-10-10;41;29983;2,8208;4,5495;67210,3369;313460,7917;SSA
109;3010416;84134;2024-10-11;42;29929;2,9138;4,7787;66095,8867;326424,1273;SSA
110;3010416;84134;2024-10-12;43;29866;3,0051;5,0135;64702,0461;339269,5098;SSA
111;3010416;84134;2024-10-13;44;29790;3,0947;5,2539;62556,0832;352389,9121;SSA
112;3010416;84134;2024-10-14;45;29698;3,1823;5,5;59597,5325;365776,5521;SSA
113;3010416;84134;2024-10-15;46;29587;3,2679;5,7517;55365,8262;379818,7685;SSA
114;3010416;84134;2024-10-16;47;29453;3,3514;6,0091;50586,0101;393703,4257;SSA
115;1700205;83817;2024-10-07;42;30040;2,8469;4,8371;54489,7951;330445,8049;SSA
116;1700205;83817;2024-10-08;43;29978;2,9366;5,0745;51971,5866;344260,1179;SSA
117;1700205;83817;2024-10-09;44;29903;3,0244;5,3176;49487,9878;357575,9365;SSA
118;1700205;83817;2024-10-10;45;29813;3,1104;5,5664;46215,7521;371162,461;SSA
119;1700205;83817;2024-10-11;46;29704;3,1945;5,8209;42082,3625;385008,9582;SSA
120;1700205;83817;2024-10-12;47;29572;3,2765;6,0811;36236,9119;399879,7944;SSA
121;1700205;83817;2024-10-13;48;29413;3,3565;6,3469;30160,9614;414203,8686;SSA
122;1700205;83817;2024-10-14;49;29223;3,4345;6,6185;23781,0003;427962,4458;SSA
123;2490102;84114;2024-10-07;38;21352;2,1092;3,2086;34093,9596;168610,4543;SSA
124;2490102;84114;2024-10-08;39;21336;2,1834;3,3783;33938,9877;175739,0912;SSA
125;2490102;84114;2024-10-09;40;21319;2,2563;3,5524;33877,3214;182625,8592;SSA
126;2490102;84114;2024-10-10;41;21300;2,3277;3,7308;33479,7741;189679,4199;SSA
127;2490102;84114;2024-10-11;42;21279;2,3976;3,9136;32737,6287;196898,7863;SSA
128;2490102;84114;2024-10-12;43;21254;2,466;4,1008;31621,9931;204282,2278;SSA
129;2490102;84114;2024-10-13;44;21224;2,5327;4,2924;30114,6512;211827,561;SSA
130;2490102;84114;2024-10-14;45;21188;2,5976;4,4883;28197,9577;219532,1169;SSA
131;2490102;84114;2024-10-15;46;21144;2,6609;4,6886;25843,2826;227392,3371;SSA
132;2490102;84114;2024-10-16;47;21090;2,7224;4,8933;23021,9616;235403,7083;SSA
133;2970103;84117;2024-10-07;37;30871;2,5709;3,8298;78487,9438;278744,5145;SSA
134;2970103;84117;2024-10-08;38;30836;2,6741;4,0436;80321,8074;290821,963;SSA
135;2970103;84117;2024-10-09;39;30799;2,776;4,2632;81608,7506;303212,4513;SSA
136;2970103;84117;2024-10-10;40;30758;2,8764;4,4886;82298,9539;315913,5408;SSA
137;2970103;84117;2024-10-11;41;30712;2,9752;4,7199;81805,1616;329472,6417;SSA
138;2970103;84117;2024-10-12;42;30658;3,0723;4,9569;81166,0086;342784,5017;SSA
139;2970103;84117;2024-10-13;43;30595;3,1675;5,1997;79795,6341;356394,369;SSA
140;2970103;84117;2024-10-14;44;30519;3,2607;5,4484;77067,3048;370845,3824;SSA
141;2970103;84117;2024-10-15;45;30427;3,3519;5,7029;74018,5342;385027,6677;SSA
142;2970103;84117;2024-10-16;46;30316;3,4409;5,9631;70035,6273;399480,61;SSA
143;3820209;84105;2024-10-07;41;40584;2,763;4,6451;73957,3692;430748,1538;SSA
144;3820209;84105;2024-10-08;42;40512;2,8539;4,8789;72291,903;448100,7611;SSA
145;3820209;84105;2024-10-09;43;40427;2,9431;5,1185;69280,1806;466255,2912;SSA
146;3820209;84105;2024-10-10;44;40325;3,0305;5,3638;65670,1178;484376,715;SSA
147;3820209;84105;2024-10-11;45;40202;3,116;5,6149;60970,8597;502866,0271;SSA
148;3820209;84105;2024-10-12;46;40053;3,1995;5,8717;55090,4796;521708,4069;SSA
149;3820209;84105;2024-10-13;47;39873;3,2809;6,1343;47523,7874;541298,6078;SSA
150;3820209;84105;2024-10-14;48;39656;3,3603;6,4026;38989,4643;560789,0555;SSA
151;3820209;84105;2024-10-15;49;39397;3,4375;6,6766;28982,5752;580566,897;SSA
152;2100103;84147;2024-10-07;39;20464;2,6332;4,1492;43665,1874;198870,4887;SSA
153;2100103;84147;2024-10-08;40;20448;2,7188;4,3597;43367,3284;206858,0616;SSA
154;2100103;84147;2024-10-09;41;20430;2,8026;4,5753;42678,4094;215035,3637;SSA
155;2100103;84147;2024-10-10;42;20409;2,8846;4,7962;41576,649;223400,8187;SSA
156;2100103;84147;2024-10-11;43;20384;2,9646;5,0223;39722,3859;232270,7438;SSA
157;2100103;84147;2024-10-12;44;20355;3,0425;5,2535;37745,0047;241006,141;SSA
158;2100103;84147;2024-10-13;45;20319;3,1185;5,4899;35279,4373;249921,7802;SSA
159;2100103;84147;2024-10-14;46;20276;3,1923;5,7315;32319,6849;259013,8291;SSA
160;2100103;84147;2024-10-15;47;20223;3,2639;5,9784;28818,6951;268276,8789;SSA
161;2100103;84147;2024-10-16;48;20159;3,3334;6,2304;24757,789;277704,7643;SSA
162;3840215;84054;2024-10-07;44;36636;3,1163;5,0642;90392,6312;423475,4486;SSA
163;3840215;84054;2024-10-08;45;36520;3,2044;5,3019;87345,9048;439378,0968;SSA
164;3840215;84054;2024-10-09;46;36380;3,2905;5,5451;82862,6071;455942,0639;SSA
165;3840215;84054;2024-10-10;47;36210;3,3745;5,7937;77549,9125;472434,0856;SSA
166;3840215;84054;2024-10-11;48;36006;3,4564;6,0478;70968,3481;489193,3357;SSA
167;3840215;84054;2024-10-12;49;35762;3,5362;6,3074;63006,9044;506196,7149;SSA
168;2490103;84115;2024-10-07;38;19937;2,092;3,2865;27794,433;159929,8794;SSA
169;2490103;84115;2024-10-08;39;19912;2,1738;3,4676;27877,3769;166944,5673;SSA
170;2490103;84115;2024-10-09;40;19885;2,2545;3,6536;28068,4278;173718,024;SSA
171;2490103;84115;2024-10-10;41;19855;2,3341;3,8444;27935,3408;180658,3194;SSA
172;2490103;84115;2024-10-11;42;19820;2,4124;4,0401;27445,3232;187763,1261;SSA
173;2490103;84115;2024-10-12;43;19778;2,4892;4,2406;26565,0235;195029,2482;SSA
174;2490103;84115;2024-10-13;44;19728;2,5646;4,4461;25271,8768;202452,9261;SSA
175;2490103;84115;2024-10-14;45;19668;2,6384;4,6564;23532,5486;210029,4159;SSA
176;2490103;84115;2024-10-15;46;19595;2,7105;4,8715;21301,8186;217752,5239;SSA
177;2490103;84115;2024-10-16;47;19507;2,7808;5,0916;18545,8473;225614,9021;SSA
178;3840211;84030;2024-10-07;45;39650;2,4471;4,5315;13370,1777;423341,7618;SSA
179;3840211;84030;2024-10-08;46;39560;2,5074;4,7343;8225,6644;438234,8372;SSA
180;3840211;84030;2024-10-09;47;39451;2,566;4,9416;2235,8834;453412,9348;SSA
181;2750101;84090;2024-10-07;38;18561;2,7028;4,4669;25204,9222;200598,958;SSA
182;2750101;84090;2024-10-08;39;18538;2,8059;4,7081;25014,9473;209109,427;SSA
183;2750101;84090;2024-10-09;40;18512;2,9075;4,9556;24433,1301;217830,9965;SSA
184;2750101;84090;2024-10-10;41;18483;3,0076;5,2094;23444,6215;226761,5903;SSA
185;2750101;84090;2024-10-11;42;18450;3,1059;5,4695;22022,8141;235898,5288;SSA
186;2750101;84090;2024-10-12;43;18410;3,2023;5,736;20113,7956;245237,4659;SSA
187;2750101;84090;2024-10-13;44;18363;3,2967;6,0088;16768,9274;255709,8023;SSA
188;2750101;84090;2024-10-14;45;18306;3,3891;6,2879;13805,3841;265437,092;SSA
189;2750101;84090;2024-10-15;46;18237;3,4793;6,5734;10246,2609;275347,4402;SSA
190;2750101;84090;2024-10-16;47;18153;3,5672;6,8652;6035,3381;285430,8525;SSA
191;3010205;84123;2024-10-07;38;29829;1,9796;3,4373;15177,0713;250608,6414;SSA
192;3010205;84123;2024-10-08;39;29807;2,0497;3,6181;13980,7249;261007,4523;SSA
193;3010205;84123;2024-10-09;40;29783;2,1185;3,8034;12738,2477;271254,067;SSA
194;3010205;84123;2024-10-10;41;29756;2,186;3,9935;11027,2832;281747,0154;SSA
195;3010205;84123;2024-10-11;42;29725;2,2521;4,1881;8826,438;292484,3885;SSA
196;3010205;84123;2024-10-12;43;29689;2,3167;4,3874;6115,3197;303463,8047;SSA
197;3010205;84123;2024-10-13;44;29646;2,3798;4,5913;2864,2379;314681,9967;SSA
198;2750102;84091;2024-10-07;38;18720;2,4119;4,1366;17866,5035;185358,3382;SSA
199;2750102;84091;2024-10-08;39;18698;2,498;4,3542;17343,4684;192889,6576;SSA
200;2750102;84091;2024-10-09;40;18673;2,5825;4,5774;16449,9676;200603,0837;SSA
201;2750102;84091;2024-10-10;41;18643;2,6653;4,8061;15152,0322;208495,9852;SSA
202;2750102;84091;2024-10-11;42;18608;2,7462;5,0405;13439,1825;216565,5761;SSA
203;2750102;84091;2024-10-12;43;18566;2,8252;5,2803;11278,1252;224808,0284;SSA
204;2750102;84091;2024-10-13;44;18516;2,9022;5,5257;8648,0461;233218,8435;SSA
205;2750102;84091;2024-10-14;45;18457;2,9771;5,7767;5529,0558;241792,8116;SSA
206;2750102;84091;2024-10-15;46;18388;3,0499;6,0333;1902,2563;250523,9699;SSA
207;1970101;84518;2024-10-07;38;19442;2,4757;4,1301;24614,2331;192027,8382;SSA
208;1970101;84518;2024-10-08;39;19419;2,5638;4,3475;24243,718;199841,8734;SSA
209;1970101;84518;2024-10-09;40;19392;2,6502;4,5705;23473,793;207844,7914;SSA
210;1970101;84518;2024-10-10;41;19361;2,7349;4,799;22292,3656;216034,3441;SSA
211;1970101;84518;2024-10-11;42;19324;2,8177;5,0331;20664,6241;224407,2929;SSA
212;1970101;84518;2024-10-12;43;19280;2,8985;5,2728;17835,321;233692,5706;SSA
213;1970101;84518;2024-10-13;44;19228;2,9773;5,518;15248,506;242420,0395;SSA
214;1970101;84518;2024-10-14;45;19166;3,054;5,7688;12870,3114;250583,9865;SSA
215;1970101;84518;2024-10-15;46;19093;3,1285;6,0252;9215,0682;259643,5148;SSA
216;1970101;84518;2024-10-16;47;19007;3,2009;6,2871;4982,7635;268858,0182;SSA
217;1880101;84159;2024-10-07;37;18637;2,0433;3,2722;27120,8702;144278,8247;SSA
218;1880101;84159;2024-10-08;38;18623;2,119;3,4489;27444,4072;150172,6662;SSA
219;1880101;84159;2024-10-09;39;18609;2,1935;3,6302;27505,4079;156216,7789;SSA
220;1880101;84159;2024-10-10;40;18594;2,2666;3,8162;27285,1659;162410,5969;SSA
221;1880101;84159;2024-10-11;41;18577;2,3383;4,0068;26765,1827;168753,188;SSA
222;1880101;84159;2024-10-12;42;18558;2,4085;4,202;25614,5193;175566,77;SSA
223;1880101;84159;2024-10-13;43;18535;2,4771;4,4019;24451,4352;182203,195;SSA
224;1880101;84159;2024-10-14;44;18508;2,544;4,6065;22946,2638;188983,815;SSA
225;1880101;84159;2024-10-15;45;18475;2,6093;4,8156;21071,0222;195905,933;SSA
226;1880101;84159;2024-10-16;46;18435;2,6728;5,0294;18809,0734;202966,3195;SSA
227;3880105;84027;2024-10-07;44;38881;2,708;4,4342;72706,0609;401198,8005;SSA
228;3880105;84027;2024-10-08;45;38812;2,7767;4,636;69341,5201;415730,3719;SSA
229;3880105;84027;2024-10-09;46;38728;2,8436;4,8422;65125,3667;430553,0814;SSA
230;3880105;84027;2024-10-10;47;38627;2,9086;5,0529;59707,6823;445974,0816;SSA
231;3880105;84027;2024-10-11;48;38504;2,9716;5,2682;53646,6251;461352,5031;SSA
232;3880105;84027;2024-10-12;49;38356;3,0327;5,4879;46895,9432;476676,1036;SSA
233;190101;84076;2024-10-07;40;20970;2,5287;4,1182;34118,2685;204553,8889;SSA
234;190101;84076;2024-10-08;41;20951;2,6078;4,3228;33408,6515;212508,3679;SSA
235;190101;84076;2024-10-09;42;20930;2,6852;4,5323;32318,6673;220647,0586;SSA
236;190101;84076;2024-10-10;43;20905;2,7609;4,7468;30816,4435;228967,9833;SSA
237;190101;84076;2024-10-11;44;20875;2,8348;4,9662;28882,0368;237468,6467;SSA
238;190101;84076;2024-10-12;45;20839;2,9067;5,1906;25638,5106;247003,5996;SSA
239;190101;84076;2024-10-13;46;20795;2,9768;5,4199;22769,4191;255853,5761;SSA
240;190101;84076;2024-10-14;47;20741;3,0449;5,6541;19385,4723;264871,0206;SSA
241;190101;84076;2024-10-15;48;20676;3,111;5,8934;15468,6748;274050,0579;SSA
242;190101;84076;2024-10-16;49;20598;3,1751;6,1375;10988,1826;283383,6037;SSA
243;2970104;84118;2024-10-07;37;32171;2,2742;3,5235;56173,8634;273131,2505;SSA
244;2970104;84118;2024-10-08;38;32148;2,3571;3,7125;56663,8387;284411,0871;SSA
245;2970104;84118;2024-10-09;39;32125;2,4387;3,9065;56095,7227;296527,0398;SSA
246;2970104;84118;2024-10-10;40;32100;2,5187;4,1054;55532,211;308377,1496;SSA
247;2970104;84118;2024-10-11;41;32072;2,5971;4,3093;54396,2655;320510,2244;SSA
248;2970104;84118;2024-10-12;42;32040;2,6737;4,5181;52662,5109;332924,2022;SSA
249;2970104;84118;2024-10-13;43;32002;2,7486;4,7318;50294,886;345616,1182;SSA
250;2970104;84118;2024-10-14;44;31957;2,8216;4,9504;47270,0541;358582,4371;SSA
251;2970104;84118;2024-10-15;45;31902;2,8927;5,174;42990,4766;372368,5871;SSA
252;2970104;84118;2024-10-16;46;31836;2,9618;5,4024;38535,4673;385868,0976;SSA
253;3880102;84025;2024-10-07;42;38178;2,855;4,3904;94529,8972;396077,7478;SSA
254;3880102;84025;2024-10-08;43;38092;2,9444;4,6073;93622,8497;411207,6422;SSA
255;3880102;84025;2024-10-09;44;37989;3,032;4,8293;91782,5154;426660,6269;SSA
256;3880102;84025;2024-10-10;45;37864;3,1177;5,0566;88916,8519;442425,5683;SSA
257;3880102;84025;2024-10-11;46;37713;3,2015;5,2891;84946,3887;458488,9964;SSA
258;3880102;84025;2024-10-12;47;37531;3,2831;5,5269;79462,2635;475149,7166;SSA
259;3880102;84025;2024-10-13;48;37312;3,3627;5,7699;72986,1404;491757,3721;SSA
260;3880102;84025;2024-10-14;49;37050;3,4402;6,0181;65093,3452;508603,4149;SSA
261;3010310;84128;2024-10-07;38;31146;2,1975;3,4493;45742,6394;262314,4613;SSA
262;3010310;84128;2024-10-08;39;31123;2,2744;3,6306;45825,609;272784,4679;SSA
263;3010310;84128;2024-10-09;40;31098;2,35;3,8165;45419,1611;283513,6348;SSA
264;3010310;84128;2024-10-10;41;31070;2,4241;4,007;44098,2499;294900,4709;SSA
265;3010310;84128;2024-10-11;42;31038;2,4966;4,2022;42638,9171;306143,0454;SSA
266;3010310;84128;2024-10-12;43;31000;2,5675;4,402;40607,1406;317638,5827;SSA
267;3010310;84128;2024-10-13;44;30955;2,6367;4,6065;37980,696;329383,773;SSA
268;3010310;84128;2024-10-14;45;30900;2,7041;4,8156;34715,041;341373,9615;SSA
269;3010310;84128;2024-10-15;46;30834;2,7697;5,0293;30789,5271;353603,8389;SSA
270;3010310;84128;2024-10-16;47;30753;2,8335;5,2477;26147,902;366066,1907;SSA
271;1990102;84081;2024-10-07;41;20113;2,9284;4,6172;53659,9755;211440,8173;SSA
272;1990102;84081;2024-10-08;42;20078;3,0246;4,8496;53344,2825;219988,6783;SSA
273;1990102;84081;2024-10-09;43;20036;3,119;5,0878;52547,2964;228728,3648;SSA
274;1990102;84081;2024-10-10;44;19986;3,2115;5,3316;51241,2111;237655,4241;SSA
275;1990102;84081;2024-10-11;45;19926;3,302;5,5812;49384,6723;246764,2384;SSA
276;1990102;84081;2024-10-12;46;19853;3,3905;5,8364;46921,3872;256047,4728;SSA
277;1990102;84081;2024-10-13;47;19765;3,4768;6,0974;43809,2659;265496,4283;SSA
278;1990102;84081;2024-10-14;48;19659;3,561;6,3641;39991,0697;275100,4692;SSA
279;1990102;84081;2024-10-15;49;19533;3,6429;6,6365;35425,1269;284847,3967;SSA
280;1990104;84083;2024-10-07;41;10109;2,6471;4,2355;29495,4706;90949,2095;SSA
281;1990104;84083;2024-10-08;42;10090;2,7275;4,4438;29390,2277;94477,8483;SSA
282;1990104;84083;2024-10-09;43;10068;2,8059;4,6571;29070,0081;98083,3555;SSA
283;1990104;84083;2024-10-10;44;10041;2,8824;4,8754;28505,2854;101763,5288;SSA
284;1990104;84083;2024-10-11;45;10010;2,9568;5,0987;27357,1271;105863,6151;SSA
285;1990104;84083;2024-10-12;46;9973;3,0292;5,327;26290,3373;109686,3938;SSA
286;1990104;84083;2024-10-13;47;9929;3,0995;5,5603;24940,8589;113575,7013;SSA
287;1990104;84083;2024-10-14;48;9878;3,1676;5,7986;23305,8882;117527,9977;SSA
288;1990104;84083;2024-10-15;49;9819;3,2336;6,0419;21369,5128;121539,1583;SSA
289;3880101;84024;2024-10-07;42;39912;2,6494;4,0224;88351,2106;387604,3937;SSA
290;3880101;84024;2024-10-08;43;39861;2,7241;4,2138;86974,4655;401761,8281;SSA
291;3880101;84024;2024-10-09;44;39800;2,7969;4,4096;84805,9634;416225,1222;SSA
292;3880101;84024;2024-10-10;45;39726;2,8678;4,6098;81795,0753;430988,4408;SSA
293;3880101;84024;2024-10-11;46;39636;2,9368;4,8145;77576,2598;446359,6882;SSA
294;3880101;84024;2024-10-12;47;39527;3,0039;5,0236;72730,0914;461699,6096;SSA
295;3880101;84024;2024-10-13;48;39395;3,069;5,2372;66878,8703;477312,4956;SSA
296;3880101;84024;2024-10-14;49;39237;3,1322;5,4552;59974,0498;493185,6556;SSA
297;1880104;84158;2024-10-07;37;19314;2,3186;3,9045;32412,0871;169146,0288;SSA
298;1880104;84158;2024-10-08;38;19300;2,4029;4,1128;32072,2751;176668,6811;SSA
299;1880104;84158;2024-10-09;39;19286;2,4859;4,3264;31738,7163;184048,9013;SSA
300;1880104;84158;2024-10-10;40;19271;2,5672;4,5454;31067,2509;191609,2272;SSA
301;1880104;84158;2024-10-11;41;19254;2,6469;4,7698;30037,235;199348,5655;SSA
302;1880104;84158;2024-10-12;42;19235;2,7248;4,9996;28640,2592;207265,7651;SSA
303;1880104;84158;2024-10-13;43;19212;2,8009;5,2348;26844,9083;215358,7745;SSA
304;1880104;84158;2024-10-14;44;19185;2,8751;5,4754;24644,3408;223625,4266;SSA
305;1880104;84158;2024-10-15;45;19152;2,9473;5,7213;22007,4683;232062,5573;SSA
306;1880104;84158;2024-10-16;46;19112;3,0176;5,9726;18916,1012;240666,379;SSA
307;2750104;84094;2024-10-07;38;18994;2,3093;3,8388;18907,2789;178518,2721;SSA
308;2750104;84094;2024-10-08;39;18980;2,3898;4,0391;17523,0391;186635,2734;SSA
309;2750104;84094;2024-10-09;40;18965;2,4689;4,2444;16753,1549;193992,5076;SSA
310;2750104;84094;2024-10-10;41;18948;2,5464;4,4549;15641,5962;201524,8921;SSA
311;2750104;84094;2024-10-11;42;18929;2,6222;4,6704;14180,0617;209231,2865;SSA
312;2750104;84094;2024-10-12;43;18906;2,6963;4,891;12338,0999;217109,6594;SSA
313;2750104;84094;2024-10-13;44;18879;2,7687;5,1166;10108,8728;225157,8644;SSA
314;2750104;84094;2024-10-14;45;18846;2,8392;5,3473;7462,1918;233372,7681;SSA
315;2750104;84094;2024-10-15;46;18806;2,9078;5,5832;4380,2668;241750,6191;SSA
316;2750104;84094;2024-10-16;47;18757;2,9745;5,8241;833,0345;250286,5543;SSA
317;3840209;84038;2024-10-07;45;36566;2,6782;4,8292;15965,3039;424822,3798;SSA
318;3840209;84038;2024-10-08;46;36476;2,7434;5,0435;11071,8367;439327,9338;SSA
319;3840209;84038;2024-10-09;47;36367;2,8067;5,2625;5320,871;454104,1394;SSA
320;2100102;84144;2024-10-07;39;20571;2,1359;3,3395;29540,2178;168224,3265;SSA
321;2100102;84144;2024-10-08;40;20555;2,2074;3,5114;29118,8381;175102,2651;SSA
322;2100102;84144;2024-10-09;41;20537;2,2774;3,6877;28697,7699;181820,7565;SSA
323;2100102;84144;2024-10-10;42;20516;2,346;3,8683;27940,0436;188696,9064;SSA
324;2100102;84144;2024-10-11;43;20491;2,4131;4,0532;26827,5058;195729,0053;SSA
325;2100102;84144;2024-10-12;44;20462;2,4785;4,2424;25353,2775;202915,2475;SSA
326;2100102;84144;2024-10-13;45;20426;2,5423;4,436;23478,5162;210252,6533;SSA
327;2100102;84144;2024-10-14;46;20383;2,6044;4,6339;21197,4954;217738,0747;SSA
328;2100102;84144;2024-10-15;47;20330;2,6647;4,8361;18471,0131;225367,0693;SSA
329;2100102;84144;2024-10-16;48;20266;2,7234;5,0426;15282,993;233134,571;SSA
330;3010312;84130;2024-10-07;38;31613;2,1804;3,4337;46287,6502;263958,6749;SSA
331;3010312;84130;2024-10-08;39;31590;2,2569;3,6142;46364,6164;274541,4922;SSA
332;3010312;84130;2024-10-09;40;31565;2,3321;3,7994;45950,6911;285386,5413;SSA
333;3010312;84130;2024-10-10;41;31537;2,4059;3,9891;44620,665;296892,337;SSA
334;3010312;84130;2024-10-11;42;31505;2,4781;4,1835;43150,4199;308256,9564;SSA
335;3010312;84130;2024-10-12;43;31467;2,5487;4,3825;41105,8594;319877,635;SSA
336;3010312;84130;2024-10-13;44;31422;2,6177;4,5861;38464,6085;331751,0761;SSA
337;3010312;84130;2024-10-14;45;31367;2,6848;4,7943;35182,1478;343872,6439;SSA
338;3010312;84130;2024-10-15;46;31301;2,7503;5,0072;31237,688;356237,0499;SSA
339;3010312;84130;2024-10-16;47;31220;2,8139;5,2246;26575,0993;368837,1089;SSA
340;1880103;84160;2024-10-07;37;17901;2,6391;4,705;34935,6596;177702,8447;SSA
341;1880103;84160;2024-10-08;38;17880;2,7451;4,9644;35028,3258;185894,8699;SSA
342;1880103;84160;2024-10-09;39;17858;2,8499;5,2307;34778,6283;194295,6484;SSA
343;1880103;84160;2024-10-10;40;17834;2,9533;5,504;34159,2708;202903,6757;SSA
344;1880103;84160;2024-10-11;41;17807;3,055;5,7842;33143,1866;211716,8789;SSA
345;1880103;84160;2024-10-12;42;17775;3,1551;6,0713;31689,951;220732,0603;SSA
346;1880103;84160;2024-10-13;43;17737;3,2532;6,3654;29449,292;230268,5189;SSA
347;1880103;84160;2024-10-14;44;17692;3,3494;6,6664;27041,1721;239675,2018;SSA
348;1880103;84160;2024-10-15;45;17638;3,4435;6,9744;24101,7391;249269,3104;SSA
349;1880103;84160;2024-10-16;46;17572;3,5354;7,2892;20574,7653;259042,847;SSA
350;2100206;84150;2024-10-07;39;19355;2,7285;4,6221;33834,1315;203860,2252;SSA
351;2100206;84150;2024-10-08;40;19329;2,8277;4,8653;33537,8005;212473,8528;SSA
352;2100206;84150;2024-10-09;41;19299;2,9255;5,1149;32507,732;221612,8673;SSA
353;2100206;84150;2024-10-10;42;19265;3,0216;5,3706;31366,3887;230637,9098;SSA
354;2100206;84150;2024-10-11;43;19224;3,1158;5,6326;29742,1795;239863,2447;SSA
355;2100206;84150;2024-10-12;44;19175;3,2082;5,9008;27926,5452;248965,6053;SSA
356;2100206;84150;2024-10-13;45;19116;3,2986;6,1752;24923,8598;258894,0453;SSA
357;2100206;84150;2024-10-14;46;19045;3,387;6,4559;21648,8291;268685,8479;SSA
358;2100206;84150;2024-10-15;47;18959;3,4731;6,7428;17727,6172;278649,9081;SSA
359;2100206;84150;2024-10-16;48;18856;3,5571;7,036;13119,7189;288775,1336;SSA
360;2590101;84530;2024-10-07;37;21792;2,6406;3,6035;87750,7119;171253,4058;SSA
361;2590101;84530;2024-10-08;38;21770;2,7385;3,7994;89923,7025;178415,6438;SSA
362;2590101;84530;2024-10-09;39;21745;2,8347;4,0006;91689,0399;185759,0416;SSA
363;2590101;84530;2024-10-10;40;21716;2,9291;4,2069;93018,0437;193281,7782;SSA
364;2590101;84530;2024-10-11;41;21682;3,0214;4,4184;93882,8439;200981,5727;SSA
365;2590101;84530;2024-10-12;42;21642;3,1117;4,6351;94256,4454;208855,6499;SSA
366;2590101;84530;2024-10-13;43;21595;3,1998;4,857;94112,788;216900,7053;SSA
367;2590101;84530;2024-10-14;44;21539;3,2856;5,0841;93005,9944;225518,8889;SSA
368;2590101;84530;2024-10-15;45;21473;3,369;5,3163;91724,1152;233892,5257;SSA
369;2590101;84530;2024-10-16;46;21395;3,4501;5,5538;89822,0472;242422,082;SSA
370;3840214;84053;2024-10-07;44;38229;2,6202;4,3027;60850,4621;390001,0046;SSA
371;3840214;84053;2024-10-08;45;38159;2,6872;4,4992;57615,6319;403915,0439;SSA
372;3840214;84053;2024-10-09;46;38074;2,7524;4,7001;53566,034;418108,3484;SSA
373;3840214;84053;2024-10-10;47;37970;2,8157;4,9053;48643,2142;432572,295;SSA
374;3840214;84053;2024-10-11;48;37845;2,8772;5,115;42813,7828;447297,0181;SSA
375;3840214;84053;2024-10-12;49;37694;2,9369;5,329;36007,4696;462270,1525;SSA
376;3900102;84146;2024-10-07;38;31761;2,3131;3,4349;62944,3626;267733,9658;SSA
377;3900102;84146;2024-10-08;39;31738;2,3935;3,6156;62696,7591;279227,9123;SSA
378;3900102;84146;2024-10-09;40;31713;2,4725;3,8008;62791,8939;290131,2905;SSA
379;3900102;84146;2024-10-10;41;31685;2,5499;3,9907;62349,0173;301297,0139;SSA
380;3900102;84146;2024-10-11;42;31653;2,6256;4,1852;61342,9311;312723,158;SSA
381;3900102;84146;2024-10-12;43;31615;2,6996;4,3843;59737,838;324406,9561;SSA
382;3900102;84146;2024-10-13;44;31570;2,7717;4,5881;57510,3494;336345,1087;SSA
383;3900102;84146;2024-10-14;45;31515;2,8421;4,7965;54613,5707;348532,976;SSA
384;3900102;84146;2024-10-15;46;31449;2,9105;5,0095;50171,3187;361819,6653;SSA
385;3900102;84146;2024-10-16;47;31368;2,9771;5,2271;45833,1196;374489,1851;SSA
386;3880103;84026;2024-10-07;44;38698;3,0282;5,416;57799,7474;469653,3789;SSA
387;3880103;84026;2024-10-08;45;38578;3,1138;5,6694;53112,1259;487562,8442;SSA
388;3880103;84026;2024-10-09;46;38432;3,1974;5,9287;47273,8236;505812,4792;SSA
389;3880103;84026;2024-10-10;47;38256;3,2789;6,1937;39891,9315;524699,8202;SSA
390;3880103;84026;2024-10-11;48;38045;3,3583;6,4645;31505,461;543573,3679;SSA
391;3880103;84026;2024-10-12;49;37792;3,4356;6,7411;21993,6319;562407,3615;SSA
392;3090101;83825;2024-10-07;44;18643;3,1756;5,2513;43272,3039;223196,2134;SSA
393;3090101;83825;2024-10-08;45;18584;3,2646;5,497;40726,2999;232349,5177;SSA
394;3090101;83825;2024-10-09;46;18513;3,3516;5,7482;38411,6314;240869,3316;SSA
395;3090101;83825;2024-10-10;47;18427;3,4365;6,005;35480,9814;249539,1369;SSA
396;3090101;83825;2024-10-11;48;18324;3,5191;6,2675;31893,665;258348,991;SSA
397;3090101;83825;2024-10-12;49;18201;3,5995;6,5356;27593,8502;267286,953;SSA
398;3840104;84021;2024-10-07;46;40438;2,7948;4,9898;43118,2076;465564,0539;SSA
399;3840104;84021;2024-10-08;47;40329;2,8589;5,2061;37187,6113;481758,0645;SSA
400;3840104;84021;2024-10-09;48;40197;2,9211;5,4271;29904,5456;498599,7337;SSA
401;3840104;84021;2024-10-10;49;40039;2,9814;5,6526;21940,4572;515359,1306;SSA
402;3010102;84120;2024-10-07;39;27979;2,3705;3,5749;55572,8772;242956,8143;SSA
403;3010102;84120;2024-10-08;40;27940;2,4576;3,766;56330,1155;252736,8158;SSA
404;3010102;84120;2024-10-09;41;27896;2,5434;3,962;56589,201;262756,2357;SSA
405;3010102;84120;2024-10-10;42;27845;2,6276;4,1631;55909,0855;273411,692;SSA
406;3010102;84120;2024-10-11;43;27785;2,7103;4,3691;55048,8115;283898,856;SSA
407;3010102;84120;2024-10-12;44;27713;2,7912;4,5802;53555,5128;294611,9927;SSA
408;3010102;84120;2024-10-13;45;27626;2,8704;4,7962;51375,7668;305543,851;SSA
409;3010102;84120;2024-10-14;46;27520;2,9477;5,0172;48443,0278;316685,1495;SSA
410;3010102;84120;2024-10-15;47;27392;3,0231;5,2432;44703,0657;328024,8441;SSA
411;3010102;84120;2024-10-16;48;27238;3,0966;5,4742;40088,5531;339549,5955;SSA
412;2970101;84095;2024-10-07;37;20262;2,3573;3,5643;40912,4366;174074,2402;SSA
413;2970101;84095;2024-10-08;38;20238;2,4528;3,7643;41942,0189;181490,1393;SSA
414;2970101;84095;2024-10-09;39;20213;2,5472;3,9698;42642,4052;189099,2091;SSA
415;2970101;84095;2024-10-10;40;20185;2,6403;4,1808;42975,62;196899,7898;SSA
416;2970101;84095;2024-10-11;41;20154;2,7319;4,3972;42926,6289;204890,1313;SSA
417;2970101;84095;2024-10-12;42;20118;2,8219;4,6191;42457,517;213067,5808;SSA
418;2970101;84095;2024-10-13;43;20075;2,9102;4,8465;40979,365;221978,9021;SSA
419;2970101;84095;2024-10-14;44;20024;2,9967;5,0793;39567,1138;230519,0223;SSA
420;2970101;84095;2024-10-15;45;19962;3,0813;5,3176;37618,5036;239232,519;SSA
421;2970101;84095;2024-10-16;46;19887;3,1639;5,5614;35094,393;248112,3462;SSA
422;1540102;84061;2024-10-07;42;19719;2,9114;5,0625;32955,8924;225444,1796;SSA
423;1540102;84061;2024-10-08;43;19678;3,0026;5,3104;31565,1636;234380,0848;SSA
424;1540102;84061;2024-10-09;44;19629;3,0921;5,5643;29677,4761;243506,8086;SSA
425;1540102;84061;2024-10-10;45;19570;3,1796;5,824;27253,3951;252818,5292;SSA
426;1540102;84061;2024-10-11;46;19499;3,2651;6,0897;24253,4168;262308,1255;SSA
427;1540102;84061;2024-10-12;47;19413;3,3486;6,3613;20623,6168;271966,5933;SSA
428;1540102;84061;2024-10-13;48;19310;3,4299;6,6389;16324,453;281783,4231;SSA
429;1540102;84061;2024-10-14;49;19187;3,5091;6,9223;11301,7968;291745,9942;SSA
430;3820205;84101;2024-10-07;40;17914;2,5943;4,2453;26373,9465;182803,8545;SSA
431;3820205;84101;2024-10-08;41;17883;2,6847;4,4649;25685,6595;190407,8597;SSA
432;3820205;84101;2024-10-09;42;17847;2,7736;4,6899;25034,4344;197765,6459;SSA
433;3820205;84101;2024-10-10;43;17804;2,8609;4,9205;23970,6961;205286,3257;SSA
434;3820205;84101;2024-10-11;44;17753;2,9464;5,1567;22469,943;212965,5662;SSA
435;3820205;84101;2024-10-12;45;17691;3,0301;5,3983;20481,974;220797,4628;SSA
436;3820205;84101;2024-10-13;46;17616;3,1119;5,6456;17968,9457;228774,8705;SSA
437;3820205;84101;2024-10-14;47;17526;3,1918;5,8983;14893,1078;236889,3226;SSA
438;3820205;84101;2024-10-15;48;17418;3,2696;6,1566;10789,979;245543,2765;SSA
439;3820205;84101;2024-10-16;49;17288;3,3454;6,4205;6418,582;253898,3086;SSA
440;2370102;84092;2024-10-07;39;19414;2,661;4,316;31646,0792;200877,0448;SSA
441;2370102;84092;2024-10-08;40;19388;2,758;4,5441;31375,1345;209298,6389;SSA
442;2370102;84092;2024-10-09;41;19359;2,8534;4,7782;30708,142;217924,2219;SSA
443;2370102;84092;2024-10-10;42;19326;2,9472;5,0181;28857,411;227512,9178;SSA
444;2370102;84092;2024-10-11;43;19286;3,0393;5,2639;27294,1477;236537,5126;SSA
445;2370102;84092;2024-10-12;44;19239;3,1295;5,5156;25243,9689;245755,3576;SSA
446;2370102;84092;2024-10-13;45;19182;3,2177;5,7732;23415,6523;254398,8979;SSA
447;2370102;84092;2024-10-14;46;19113;3,3039;6,0366;19484,7905;264745,6402;SSA
448;2370102;84092;2024-10-15;47;19029;3,388;6,306;15682,0172;274501,5502;SSA
449;2370102;84092;2024-10-16;48;18928;3,47;6,5812;11206,1489;284417,4425;SSA
450;3840213;84052;2024-10-07;44;37590;2,8944;4,733;78641,3341;411064,3337;SSA
451;3840213;84052;2024-10-08;45;37471;2,9771;4,9561;75727,2633;426378,7792;SSA
452;3840213;84052;2024-10-09;46;37327;3,058;5,1844;71777,7657;441986,3335;SSA
453;3840213;84052;2024-10-10;47;37153;3,1369;5,4178;66703,2081;457871,4543;SSA
454;3840213;84052;2024-10-11;48;36944;3,2139;5,6564;60413,4606;474015,5655;SSA
455;3840213;84052;2024-10-12;49;36694;3,2889;5,9001;52445,68;490754,8226;SSA
456;1700203;83815;2024-10-07;42;30881;2,5412;4,425;34042,1018;319170,6965;SSA
457;1700203;83815;2024-10-08;43;30844;2,6136;4,6347;31668,948;331177,4509;SSA
458;1700203;83815;2024-10-09;44;30800;2,6844;4,8494;28691,6453;343444,4138;SSA
459;1700203;83815;2024-10-10;45;30746;2,7534;5,0688;25064,6564;355966,7199;SSA
460;1700203;83815;2024-10-11;46;30681;2,8206;5,2931;20766,7383;368738,8175;SSA
461;1700203;83815;2024-10-12;47;30602;2,8859;5,5223;15752,9684;381753,5821;SSA
462;1700203;83815;2024-10-13;48;30506;2,9494;5,7563;9200,9335;395779,8078;SSA
463;1700203;83815;2024-10-14;49;30390;3,0111;5,9952;2621,3918;409251,6999;SSA
464;3840212;84031;2024-10-07;45;40544;3,2851;5,8656;73379,1093;526107,1959;SSA
465;3840212;84031;2024-10-08;46;40393;3,3729;6,1335;67300,7476;545925,2891;SSA
466;3840212;84031;2024-10-09;47;40211;3,4586;6,4073;59880,5167;566094,6993;SSA
467;3840212;84031;2024-10-10;48;39992;3,5421;6,6871;51005,4832;586592,4738;SSA
468;3840212;84031;2024-10-11;49;39730;3,6234;6,9729;40562,4569;607391,3024;SSA
469;3820208;84104;2024-10-07;41;42523;2,4122;4,2;45592,9832;416087,7355;SSA
470;3820208;84104;2024-10-08;42;42480;2,4843;4,4124;42164,7491;432832,0235;SSA
471;3820208;84104;2024-10-09;43;42430;2,5547;4,6301;37914,8873;449975,2633;SSA
472;3820208;84104;2024-10-10;44;42370;2,6234;4,8531;32795,7153;467512,3294;SSA
473;3820208;84104;2024-10-11;45;42297;2,6904;5,0814;26760,0314;485436,5286;SSA
474;3820208;84104;2024-10-12;46;42208;2,7556;5,3151;19761,3467;503739,4822;SSA
475;3820208;84104;2024-10-13;47;42100;2,8189;5,5541;11754,1171;522411,0072;SSA
476;3820208;84104;2024-10-14;48;41970;2,8804;5,7984;2693,9749;541438,9982;SSA
477;1700101;83813;2024-10-07;42;20672;2,8129;4,9551;49741,391;211984,9128;SSA
478;1700101;83813;2024-10-08;43;20627;2,894;5,1912;47746,8225;220940,2301;SSA
479;1700101;83813;2024-10-09;44;20574;2,9731;5,4328;46036,5282;229286,5604;SSA
480;1700101;83813;2024-10-10;45;20511;3,0502;5,6799;43797,8847;237796,3777;SSA
481;1700101;83813;2024-10-11;46;20436;3,1252;5,9325;40995,9746;246463,4315;SSA
482;1700101;83813;2024-10-12;47;20348;3,198;6,1906;37610,1345;255280,706;SSA
483;1700101;83813;2024-10-13;48;20246;3,2686;6,4542;33620,9804;264240,3836;SSA
484;1700101;83813;2024-10-14;49;20127;3,3371;6,7232;28981,318;273332,904;SSA
485;2100101;84143;2024-10-07;39;19675;2,169;3,3505;44749,2983;147327,1864;SSA
486;2100101;84143;2024-10-08;40;19648;2,2434;3,5252;45308,0404;153089,1653;SSA
487;2100101;84143;2024-10-09;41;19617;2,3164;3,7043;45537,6249;158988,5255;SSA
488;2100101;84143;2024-10-10;42;19580;2,3877;3,8878;45089,0867;165341,3549;SSA
489;2100101;84143;2024-10-11;43;19536;2,4574;4,0758;44579,0717;171508,0915;SSA
490;2100101;84143;2024-10-12;44;19484;2,5254;4,2683;43669,7296;177803,8931;SSA
491;2100101;84143;2024-10-13;45;19422;2,5916;4,4652;42331,0333;184224,6772;SSA
492;2100101;84143;2024-10-14;46;19349;2,656;4,6665;40544,5798;190765,7994;SSA
493;2100101;84143;2024-10-15;47;19263;2,7185;4,8723;38281,0;197421,6777;SSA
494;2100101;84143;2024-10-16;48;19163;2,7792;5,0826;35523,3326;204186,0859;SSA
495;3010415;84133;2024-10-07;38;30073;2,2327;3,4832;68372,7515;233837,9542;SSA
496;3010415;84133;2024-10-08;39;30037;2,3131;3,6687;69530,0188;243189,1349;SSA
497;3010415;84133;2024-10-09;40;29996;2,392;3,8589;70177,6485;252770,0526;SSA
498;3010415;84133;2024-10-10;41;29947;2,4693;4,054;70266,1751;262577,4246;SSA
499;3010415;84133;2024-10-11;42;29890;2,545;4,2538;69778,8979;272607,7738;SSA
500;3010415;84133;2024-10-12;43;29822;2,6188;4,4585;68267,3361;283256,3985;SSA
501;3010415;84133;2024-10-13;44;29741;2,6909;4,668;66494,4739;293717,6265;SSA
502;3010415;84133;2024-10-14;45;29645;2,761;4,8823;64024,136;304384,7507;SSA
503;3010415;84133;2024-10-15;46;29532;2,8292;5,1015;60821,1246;315249,9642;SSA
504;3010415;84133;2024-10-16;47;29399;2,8955;5,3254;56438,6974;326703,9202;SSA
505;1700102;83814;2024-10-07;42;19658;2,6708;4,7058;39877,1094;196435,4841;SSA
506;1700102;83814;2024-10-08;43;19613;2,748;4,9308;38745,2372;203844,5529;SSA
507;1700102;83814;2024-10-09;44;19560;2,8233;5,1611;37159,7359;211406,0667;SSA
508;1700102;83814;2024-10-10;45;19497;2,8967;5,3966;34309,9905;219892,7371;SSA
509;1700102;83814;2024-10-11;46;19422;2,968;5,6373;31718,2495;227743,4024;SSA
510;1700102;83814;2024-10-12;47;19334;3,0373;5,8833;28587,4632;235728,9706;SSA
511;1700102;83814;2024-10-13;48;19232;3,1046;6,1346;24899,3682;243841,9841;SSA
512;1700102;83814;2024-10-14;49;19113;3,1697;6,3911;21386,862;251295,7226;SSA
513;3820206;84102;2024-10-07;41;42318;2,3934;4,2003;41320,4057;414557,6912;SSA
514;3820206;84102;2024-10-08;42;42275;2,4652;4,4131;37815,0821;431253,1422;SSA
515;3820206;84102;2024-10-09;43;42225;2,5353;4,6313;33497,5122;448345,4798;SSA
516;3820206;84102;2024-10-10;44;42165;2,6037;4,8547;28320,2371;465829,5707;SSA
517;3820206;84102;2024-10-11;45;42092;2,6705;5,0834;22236,2587;483698,7121;SSA
518;3820206;84102;2024-10-12;46;42003;2,7354;5,3175;15199,2731;501944,5131;SSA
519;3820206;84102;2024-10-13;47;41895;2,7985;5,5569;7163,9037;520556,7763;SSA
520;3820101;84097;2024-10-07;40;41046;2,3571;3,8553;93247,7461;342224,3857;SSA
521;3820101;84097;2024-10-08;41;40981;2,4333;4,0502;93209,264;355634,6309;SSA
522;3820101;84097;2024-10-09;42;40904;2,5079;4,2499;92378,1231;369349,8702;SSA
523;3820101;84097;2024-10-10;43;40813;2,5807;4,4544;90712,0396;383364,0534;SSA
524;3820101;84097;2024-10-11;44;40705;2,6517;4,6637;87745,9613;398082,5366;SSA
525;3820101;84097;2024-10-12;45;40577;2,7208;4,8778;84254,0954;412670,7858;SSA
526;3820101;84097;2024-10-13;46;40426;2,788;5,0968;79773,3241;427531,0799;SSA
527;3820101;84097;2024-10-14;47;40249;2,8533;5,3205;74254,6161;442651,2136;SSA
528;3820101;84097;2024-10-15;48;40042;2,9166;5,5491;67224,8883;458429,6174;SSA
529;3820101;84097;2024-10-16;49;39801;2,9779;5,7824;59450,4617;474024,0278;SSA
530;3820102;84098;2024-10-07;40;42905;2,4087;3,926;68226,1028;396937,7729;SSA
531;3820102;84098;2024-10-08;41;42868;2,4844;4,1217;66852,6166;412513,15;SSA
532;3820102;84098;2024-10-09;42;42825;2,5585;4,3223;64709,3117;428451,1411;SSA
533;3820102;84098;2024-10-10;43;42775;2,6308;4,5276;61768,1852;444748,3195;SSA
534;3820102;84098;2024-10-11;44;42715;2,7014;4,7376;57979,6971;461399,9038;SSA
535;3820102;84098;2024-10-12;45;42642;2,7702;4,9524;53294,6716;478399,6514;SSA
536;3820102;84098;2024-10-13;46;42553;2,8372;5,172;47664,5193;495739,7531;SSA
537;3820102;84098;2024-10-14;47;42445;2,9022;5,3964;40628,6578;513823,5264;SSA
538;3820102;84098;2024-10-15;48;42315;2,9654;5,6254;32965,9329;531814,1101;SSA
539;3820102;84098;2024-10-16;49;42158;3,0266;5,8593;24191,6589;550110,2901;SSA
540;2490104;84116;2024-10-07;38;20769;2,4584;3,8162;43231,6541;186579,4422;SSA
541;2490104;84116;2024-10-08;39;20744;2,5527;4,0244;43851,5363;194491,4429;SSA
542;2490104;84116;2024-10-09;40;20716;2,6457;4,2382;44091,1177;202602,6492;SSA
543;2490104;84116;2024-10-10;41;20685;2,7372;4,4575;43935,1071;210911,2886;SSA
544;2490104;84116;2024-10-11;42;20649;2,8272;4,6823;43345,3488;219414,6739;SSA
545;2490104;84116;2024-10-12;43;20606;2,9154;4,9126;41873,5485;228518,7222;SSA
546;2490104;84116;2024-10-13;44;20555;3,0017;5,1485;40312,9547;237399,9055;SSA
547;2490104;84116;2024-10-14;45;20493;3,0862;5,3899;38202,0383;246461,9262;SSA
548;2490104;84116;2024-10-15;46;20418;3,1686;5,6368;35501,676;255697,6477;SSA
549;2490104;84116;2024-10-16;47;20328;3,249;5,8893;32173,0367;265098,6134;SSA
550;120103;84111;2024-10-07;41;19689;3,1184;4,7979;55018,6647;221337,9704;SSA
551;120103;84111;2024-10-08;42;19655;3,2205;5,0387;54561,0801;230345,524;SSA
552;120103;84111;2024-10-09;43;19614;3,3206;5,2853;53600,3057;239554,5104;SSA
553;120103;84111;2024-10-10;44;19565;3,4188;5,5378;52107,0897;248960,1629;SSA
554;120103;84111;2024-10-11;45;19506;3,5149;5,7963;50037,7162;258556,4614;SSA
555;120103;84111;2024-10-12;46;19435;3,6088;6,0606;47348,2789;268336,0429;SSA
556;120103;84111;2024-10-13;47;19349;3,7004;6,3308;43978,7797;278289,5965;SSA
557;120103;84111;2024-10-14;48;19246;3,7897;6,607;39552,1919;288739,0551;SSA
558;120103;84111;2024-10-15;49;19123;3,8767;6,889;34673,6008;299005,7683;SSA
559;120102;84110;2024-10-07;41;20878;2,5375;3,8429;44704,5111;193750,7926;SSA
560;120102;84110;2024-10-08;42;20857;2,613;4,0306;44152,7378;201144,4406;SSA
561;120102;84110;2024-10-09;43;20832;2,6867;4,2227;43208,1121;208705,5626;SSA
562;120102;84110;2024-10-10;44;20803;2,7586;4,4193;41863,1719;216432,2495;SSA
563;120102;84110;2024-10-11;45;20767;2,8286;4,6204;40074,8284;224321,3513;SSA
564;120102;84110;2024-10-12;46;20724;2,8968;4,826;37504,0645;232702,34;SSA
565;120102;84110;2024-10-13;47;20671;2,963;5,036;34772,9675;240904,9195;SSA
566;120102;84110;2024-10-14;48;20607;3,0273;5,2506;31530,9389;249256,5345;SSA
567;120102;84110;2024-10-15;49;20531;3,0896;5,4696;27761,1105;257751,1365;SSA
568;3880104;84022;2024-10-07;44;41224;2,6503;4,6458;51305,3382;440448,6147;SSA
569;3880104;84022;2024-10-08;45;41152;2,718;4,8562;46921,4908;456514,636;SSA
570;3880104;84022;2024-10-09;46;41064;2,7839;5,0712;41638,2313;472900,5453;SSA
571;3880104;84022;2024-10-10;47;40958;2,8479;5,2909;35420,9992;489597,4867;SSA
572;3880104;84022;2024-10-11;48;40829;2,9101;5,5152;27883,5976;506909,2567;SSA
573;3880104;84022;2024-10-12;49;40674;2,9704;5,7441;19611,1242;524192,1819;SSA
574;3090102;83826;2024-10-07;44;20208;2,8103;4,8072;26695,5055;228914,2584;SSA
575;3090102;83826;2024-10-08;45;20172;2,8811;5,0247;24386,1743;237204,9499;SSA
576;3090102;83826;2024-10-09;46;20129;2,9501;5,2471;20827,2847;246452,8263;SSA
577;3090102;83826;2024-10-10;47;20076;3,0171;5,4743;17559,1486;255068,8147;SSA
578;3090102;83826;2024-10-11;48;20012;3,082;5,7063;13772,2962;263839,1314;SSA
579;3090102;83826;2024-10-12;49;19936;3,145;5,943;9450,2308;272757,2454;SSA
580;3880106;84023;2024-10-07;44;39692;3,2647;4,6833;158774,925;424471,3902;SSA
581;3880106;84023;2024-10-08;45;39572;3,3562;4,9041;157307,459;440479,2516;SSA
582;3880106;84023;2024-10-09;46;39426;3,4456;5,13;154649,3465;456796,3209;SSA
583;3880106;84023;2024-10-10;47;39250;3,5328;5,3611;150713,5368;473407,1743;SSA
584;3880106;84023;2024-10-11;48;39039;3,6177;5,5972;145397,6001;490293,3847;SSA
585;3880106;84023;2024-10-12;49;38786;3,7004;5,8384;138566,5636;507432,4511;SSA
586;2490101;84113;2024-10-07;38;21991;1,9708;3,174;23081,2569;171992,9347;SSA
587;2490101;84113;2024-10-08;39;21975;2,0408;3,3419;22605,2773;179249,5596;SSA
588;2490101;84113;2024-10-09;40;21958;2,1096;3,5141;22229,856;186267,8044;SSA
589;2490101;84113;2024-10-10;41;21939;2,1771;3,6907;21526,5478;193456,3404;SSA
590;2490101;84113;2024-10-11;42;21917;2,2432;3,8716;20476,9227;200813,8551;SSA
591;2490101;84113;2024-10-12;43;21891;2,3079;4,0568;19063,0186;208338,6199;SSA
592;2490101;84113;2024-10-13;44;21860;2,3711;4,2464;17267,3922;216028,4577;SSA
593;2490101;84113;2024-10-14;45;21823;2,4327;4,4402;15073,1696;223880,7114;SSA
594;2490101;84113;2024-10-15;46;21778;2,4927;4,6385;12453,2429;231891,8431;SSA
595;2490101;84113;2024-10-16;47;21723;2,5511;4,841;9380,5178;240057,3705;SSA
596;2370101;84089;2024-10-07;39;19336;2,3682;3,9727;16856,8623;189255,0385;SSA
597;2370101;84089;2024-10-08;40;19320;2,4466;4,1748;16117,7048;196634,1294;SSA
598;2370101;84089;2024-10-09;41;19302;2,5233;4,382;15033,9868;204188,8004;SSA
599;2370101;84089;2024-10-10;42;19282;2,5985;4,5942;13597,3966;211917,9094;SSA
600;2370101;84089;2024-10-11;43;19258;2,6719;4,8114;11777,6957;219819,4373;SSA
601;2370101;84089;2024-10-12;44;19229;2,7435;5,0336;9556,1431;227890,8315;SSA
602;2370101;84089;2024-10-13;45;19194;2,8133;5,2608;6914,5459;236128,9685;SSA
603;2370101;84089;2024-10-14;46;19152;2,8812;5,493;3835,3222;244530,116;SSA
604;2370101;84089;2024-10-15;47;19101;2,9472;5,7302;288,7451;253089,4471;SSA
605;3090103;83827;2024-10-07;44;19377;2,809;4,7924;24878,9789;220112,3352;SSA
606;3090103;83827;2024-10-08;45;19342;2,8799;5,0093;22683,4211;228037,1199;SSA
607;3090103;83827;2024-10-09;46;19300;2,9489;5,2309;19254,1632;236911,513;SSA
608;3090103;83827;2024-10-10;47;19249;3,0158;5,4574;16144,7099;245146,903;SSA
609;3090103;83827;2024-10-11;48;19187;3,0808;5,6887;13324,5787;252737,5603;SSA
610;3090103;83827;2024-10-12;49;19112;3,1438;5,9247;9179,4808;261260,5643;SSA
611;3840216;84055;2024-10-07;44;37978;2,6545;4,4918;89321,886;364433,563;SSA
612;3840216;84055;2024-10-08;45;37855;2,7241;4,699;86550,9307;377598,7282;SSA
613;3840216;84055;2024-10-09;46;37710;2,7919;4,9108;83219,8483;390651,5042;SSA
614;3840216;84055;2024-10-10;47;37540;2,8577;5,1273;78562,3483;404297,3237;SSA
615;3840216;84055;2024-10-11;48;37341;2,9216;5,3485;72517,3394;418522,7445;SSA
616;3840216;84055;2024-10-12;49;37109;2,9836;5,5743;65741,2082;432595,3235;SSA
617;3350106;83742;2024-10-07;45;30667;2,8371;5,1514;27631,107;363986,556;SSA
618;3350106;83742;2024-10-08;46;30603;2,9057;5,379;21665,4042;378572,3551;SSA
619;3350106;83742;2024-10-09;47;30525;2,9723;5,6115;16625,7145;391742,5923;SSA
620;3350106;83742;2024-10-10;48;30430;3,0369;5,8489;10805,5123;405149,1562;SSA
621;3350106;83742;2024-10-11;49;30316;3,0997;6,0912;4172,9641;418781,7712;SSA
622;190102;84077;2024-10-07;40;20045;2,7814;4,3019;50100,5739;200846,4564;SSA
623;190102;84077;2024-10-08;41;20015;2,8778;4,5242;50255,1644;208998,4591;SSA
624;190102;84077;2024-10-09;42;19980;2,9725;4,7522;49121,9934;218198,9678;SSA
625;190102;84077;2024-10-10;43;19938;3,0655;4,9857;48375,6166;226729,0688;SSA
626;190102;84077;2024-10-11;44;19888;3,1567;5,2249;47131,0512;235441,9948;SSA
627;190102;84077;2024-10-12;45;19828;3,2459;5,4697;45347,5899;244332,2354;SSA
628;190102;84077;2024-10-13;46;19755;3,333;5,72;42969,8278;253392,596;SSA
629;190102;84077;2024-10-14;47;19667;3,4181;5,976;39956,3099;262614,5438;SSA
630;190102;84077;2024-10-15;48;19561;3,501;6,2376;36250,6766;271987,6466;SSA
631;190102;84077;2024-10-16;49;19435;3,5817;6,5048;31811,8612;281499,9387;SSA
632;3090104;83828;2024-10-07;44;18705;3,2101;5,311;46103,678;224157,8012;SSA
633;3090104;83828;2024-10-08;45;18648;3,3;5,5594;43549,3375;233435,0583;SSA
634;3090104;83828;2024-10-09;46;18579;3,3878;5,8135;41218,8363;242082,2167;SSA
635;3090104;83828;2024-10-10;47;18495;3,4734;6,0733;38264,2347;250882,7032;SSA
636;3090104;83828;2024-10-11;48;18394;3,5568;6,3387;34644,3965;259826,5038;SSA
637;3090104;83828;2024-10-12;49;18274;3,6379;6,6098;30318,7668;268902,0808;SSA
638;3010104;84122;2024-10-07;39;29036;2,6551;3,9763;76097,3125;270904,2079;SSA
639;3010104;84122;2024-10-08;40;28997;2,752;4,1876;77051,9966;282125,9129;SSA
640;3010104;84122;2024-10-09;41;28953;2,8474;4,4043;77442,9493;293620,9148;SSA
641;3010104;84122;2024-10-10;42;28902;2,9412;4,6265;76823,8562;305785,4818;SSA
642;3010104;84122;2024-10-11;43;28842;3,0332;4,8542;75948,4879;317814,8374;SSA
643;3010104;84122;2024-10-12;44;28770;3,1234;5,0874;74757,2651;329702,653;SSA
644;3010104;84122;2024-10-13;45;28683;3,2116;5,326;72389,9634;342240,9277;SSA
645;3010104;84122;2024-10-14;46;28577;3,2979;5,5701;68771,6427;355419,4207;SSA
646;3010104;84122;2024-10-15;47;28449;3,382;5,8197;64641,1098;368425,948;SSA
647;3010104;84122;2024-10-16;48;28295;3,4641;6,0748;59522,4726;381645,7951;SSA
648;2590102;84531;2024-10-07;37;30651;2,4859;3,3113;116373,4824;226585,4247;SSA
649;2590102;84531;2024-10-08;38;30620;2,5787;3,4923;119511,4204;235890,9191;SSA
650;2590102;84531;2024-10-09;39;30585;2,6699;3,6782;122115,4621;245433,3584;SSA
651;2590102;84531;2024-10-10;40;30544;2,7593;3,8688;124140,1839;255210,2553;SSA
652;2590102;84531;2024-10-11;41;30496;2,8469;4,0643;125552,9829;265218,6487;SSA
653;2590102;84531;2024-10-12;42;30439;2,9325;4,2646;125903,6651;275861,1349;SSA
654;2590102;84531;2024-10-13;43;30372;3,016;4,4697;125975,0345;286320,5475;SSA
655;2590102;84531;2024-10-14;44;30292;3,0973;4,6796;125305,3223;296997,6195;SSA
656;2590102;84531;2024-10-15;45;30198;3,1765;4,8944;123866,7716;307886,0078;SSA
657;2590102;84531;2024-10-16;46;30087;3,2534;5,1139;121198,6708;319384,3234;SSA
658;2100204;84148;2024-10-07;39;20771;2,1821;3,6389;22735,8759;181265,5403;SSA
659;2100204;84148;2024-10-08;40;20755;2,255;3,8252;22221,015;188440,9071;SSA
660;2100204;84148;2024-10-09;41;20737;2,3266;4,0161;21371,5719;195788,7875;SSA
661;2100204;84148;2024-10-10;42;20716;2,3967;4,2117;20168,5523;203307,7822;SSA
662;2100204;84148;2024-10-11;43;20691;2,4653;4,4119;18593,4065;210996,0431;SSA
663;2100204;84148;2024-10-12;44;20662;2,5322;4,6168;16639,1041;218851,6182;SSA
664;2100204;84148;2024-10-13;45;20626;2,5974;4,8263;14266,0255;226871,2861;SSA
665;2100204;84148;2024-10-14;46;20583;2,6609;5,0404;11468,3891;235051,6441;SSA
666;2100204;84148;2024-10-15;47;20530;2,7227;5,2592;8206,2846;243387,8905;SSA
667;2100204;84148;2024-10-16;48;20466;2,7827;5,4827;4463,4601;251874,5501;SSA
668;3900101;84145;2024-10-07;38;30553;2,4869;3,4842;82280,3034;259722,3678;SSA
669;3900101;84145;2024-10-08;39;30516;2,5826;3,6752;84326,0471;270404,0777;SSA
670;3900101;84145;2024-10-09;40;30475;2,677;3,8715;85844,8685;281356,8685;SSA
671;3900101;84145;2024-10-10;41;30429;2,77;4,0728;86801,8568;292578,1281;SSA
672;3900101;84145;2024-10-11;42;30375;2,8614;4,2792;87138,3653;304063,97;SSA
673;3900101;84145;2024-10-12;43;30312;2,9511;4,4907;85966,0806;316664,295;SSA
674;3900101;84145;2024-10-13;44;30236;3,039;4,7074;84921,6045;328663,9637;SSA
675;3900101;84145;2024-10-14;45;30144;3,125;4,9292;83090,281;340909,4528;SSA
676;3900101;84145;2024-10-15;46;30033;3,2091;5,1561;80411,639;353391,1425;SSA
677;3900101;84145;2024-10-16;47;29899;3,2912;5,3881;75956,5172;366951,5793;SSA
678;1880102;84157;2024-10-07;37;17993;2,3709;3,5757;48780,2961;143230,5812;SSA
679;1880102;84157;2024-10-08;38;17972;2,4669;3,7763;49955,0705;149597,9478;SSA
680;1880102;84157;2024-10-09;39;17950;2,5618;3,9824;50843,4555;156131,2555;SSA
681;1880102;84157;2024-10-10;40;17926;2,6554;4,1939;51097,1815;163152,5311;SSA
682;1880102;84157;2024-10-11;41;17899;2,7475;4,4109;51337,7326;170013,7602;SSA
683;1880102;84157;2024-10-12;42;17867;2,8381;4,6334;51204,8562;177035,6549;SSA
684;1880102;84157;2024-10-13;43;17829;2,927;4,8614;50673,4369;184215,1798;SSA
685;1880102;84157;2024-10-14;44;17784;3,0141;5,0949;49718,8588;191548,7126;SSA
686;1880102;84157;2024-10-15;45;17730;3,0993;5,3338;48303,5675;199031,5839;SSA
687;1880102;84157;2024-10-16;46;17664;3,1826;5,5782;46375,7542;206657,5676;SSA
688;3350110;83746;2024-10-07;44;30648;2,5814;4,5327;28467,9304;327627,3196;SSA
689;3350110;83746;2024-10-08;45;30595;2,6477;4,739;25266,1006;339337,4141;SSA
690;3350110;83746;2024-10-09;46;30531;2,7122;4,9498;21421,2592;351283,094;SSA
691;3350110;83746;2024-10-10;47;30453;2,7749;5,1652;16890,2678;363457,672;SSA
692;3350110;83746;2024-10-11;48;30358;2,8358;5,3852;11630,0887;375852,878;SSA
693;3350110;83746;2024-10-12;49;30244;2,8948;5,6098;3949,8471;390119,9739;SSA
694;1970102;84519;2024-10-07;38;18524;2,426;4,133;16252,4973;186022,6856;SSA
695;1970102;84519;2024-10-08;39;18501;2,5125;4,3506;15746,7772;193474,4132;SSA
696;1970102;84519;2024-10-09;40;18474;2,5973;4,5738;14860,7642;201105,747;SSA
697;1970102;84519;2024-10-10;41;18443;2,6803;4,8025;13583,1093;208914,4367;SSA
698;1970102;84519;2024-10-11;42;18406;2,7615;5,0369;11880,1659;216897,2408;SSA
699;1970102;84519;2024-10-12;43;18362;2,8408;5,2768;9730,3677;225050,2881;SSA
700;1970102;84519;2024-10-13;44;18310;2,918;5,5222;7112,9934;233369,0367;SSA
701;1970102;84519;2024-10-14;45;18248;2,9932;5,7733;3995,2296;241847,7678;SSA
702;1970102;84519;2024-10-15;46;18175;3,0663;6,0299;357,7608;250479,9785;SSA
703;1540101;84060;2024-10-07;42;20599;2,4601;4,2932;21615,8926;206476,5371;SSA
704;1540101;84060;2024-10-08;43;20575;2,5304;4,497;20070,3436;214260,9743;SSA
705;1540101;84060;2024-10-09;44;20546;2,5989;4,7056;18128,8503;222214,6553;SSA
706;1540101;84060;2024-10-10;45;20511;2,6658;4,919;15773,438;230334,696;SSA
707;1540101;84060;2024-10-11;46;20468;2,7309;5,137;12974,8537;238617,2452;SSA
708;1540101;84060;2024-10-12;47;20416;2,7943;5,3598;9715,9718;247057,8276;SSA
709;1540101;84060;2024-10-13;48;20353;2,8558;5,5873;5968,0279;255650,8869;SSA
710;1540101;84060;2024-10-14;49;20278;2,9155;5,8195;937,5781;265167,7461;SSA
711;3010309;84127;2024-10-07;38;28526;2,4069;3,6483;55239,4288;253791,789;SSA
712;3010309;84127;2024-10-08;39;28489;2,4998;3,8479;56336,7962;264207,7477;SSA
713;3010309;84127;2024-10-09;40;28448;2,5914;4,0528;56934,6366;274886,0475;SSA
714;3010309;84127;2024-10-10;41;28402;2,6817;4,263;56600,4932;286223,9636;SSA
715;3010309;84127;2024-10-11;42;28348;2,7705;4,4786;56078,906;297417,4401;SSA
716;3010309;84127;2024-10-12;43;28285;2,8576;4,6995;54938,2866;308861,7827;SSA
717;3010309;84127;2024-10-13;44;28209;2,9429;4,9257;53109,9998;320550,3764;SSA
718;3010309;84127;2024-10-14;45;28117;3,0265;5,1572;50536,9765;332474,9538;SSA
719;3010309;84127;2024-10-15;46;28006;3,1081;5,394;47161,9586;344625,4779;SSA
720;3010309;84127;2024-10-16;47;27872;3,1877;5,6362;42913,912;356989,5815;SSA
721;3840108;84037;2024-10-07;45;38974;3,0142;5,2306;65581,6127;463168,3376;SSA
722;3840108;84037;2024-10-08;46;38825;3,0957;5,471;60708,9913;480263,7517;SSA
723;3840108;84037;2024-10-09;47;38645;3,1752;5,7168;54641,5412;497662,9685;SSA
724;3840108;84037;2024-10-10;48;38428;3,2528;5,968;46915,9614;515703,7945;SSA
725;3840108;84037;2024-10-11;49;38169;3,3283;6,2246;38158,1797;533645,3851;SSA
726;3010101;84119;2024-10-07;39;30486;2,2261;3,4195;51900,8019;253555,6997;SSA
727;3010101;84119;2024-10-08;40;30462;2,3001;3,5953;51866,385;263494,1861;SSA
728;3010101;84119;2024-10-09;41;30435;2,3726;3,7755;50941,3694;274072,6724;SSA
729;3010101;84119;2024-10-10;42;30404;2,4435;3,9601;49902,5132;284489,3467;SSA
730;3010101;84119;2024-10-11;43;30368;2,5128;4,1491;48327,6562;295141,9481;SSA
731;3010101;84119;2024-10-12;44;30325;2,5804;4,3425;46184,4907;306027,3755;SSA
732;3010101;84119;2024-10-13;45;30273;2,6463;4,5404;43441,0449;317141,6214;SSA
733;3010101;84119;2024-10-14;46;30210;2,7104;4,7426;40065,8158;328479,7073;SSA
734;3010101;84119;2024-10-15;47;30133;2,7727;4,9492;36015,8049;340035,2343;SSA
735;3010101;84119;2024-10-16;48;30040;2,8331;5,1603;31260,4342;351800,677;SSA
736;3010103;84121;2024-10-07;39;30569;2,2583;3,6137;45701,3571;265016,8904;SSA
737;3010103;84121;2024-10-08;40;30545;2,3334;3,7988;45299,0286;275507,9559;SSA
738;3010103;84121;2024-10-09;41;30518;2,4071;3,9885;43996,4829;286651,3984;SSA
739;3010103;84121;2024-10-10;42;30487;2,4793;4,1828;42570,0017;297645,3125;SSA
740;3010103;84121;2024-10-11;43;30451;2,5499;4,3817;40596,9283;308887,3208;SSA
741;3010103;84121;2024-10-12;44;30408;2,6187;4,5853;38044,2905;320374,1615;SSA
742;3010103;84121;2024-10-13;45;30356;2,6859;4,7934;34879,4414;332101,6204;SSA
743;3010103;84121;2024-10-14;46;30293;2,7513;5,0062;31070,1996;344064,462;SSA
744;3010103;84121;2024-10-15;47;30216;2,8149;5,2236;26572,7215;356255,9571;SSA
745;3010103;84121;2024-10-16;48;30123;2,8766;5,4457;21355,7684;368668,1927;SSA
746;2450102;84033;2024-10-07;42;19306;2,7071;4,6283;6129,9419;229107,4639;SSA
747;2450102;84033;2024-10-08;43;19264;2,7852;4,8497;3681,4209;237819,4198;SSA
748;2450102;84033;2024-10-09;44;19214;2,8614;5,0764;751,833;246711,7618;SSA
749;2930102;84512;2024-10-07;37;20871;2,1337;3,3119;32635,7863;167801,874;SSA
750;2930102;84512;2024-10-08;38;20847;2,221;3,4987;32836,728;175565,4705;SSA
751;2930102;84512;2024-10-09;39;20822;2,3073;3,6907;33356,5936;182887,4895;SSA
752;2930102;84512;2024-10-10;40;20794;2,3925;3,8878;33531,4299;190395,1775;SSA
753;2930102;84512;2024-10-11;41;20763;2,4764;4,09;33346,8906;198086,8967;SSA
754;2930102;84512;2024-10-12;42;20727;2,5589;4,2974;32767,9456;205960,1649;SSA
755;2930102;84512;2024-10-13;43;20684;2,6399;4,5099;31759,0553;214011,5803;SSA
756;2930102;84512;2024-10-14;44;20633;2,7192;4,7275;30296,1981;222237,1449;SSA
757;2930102;84512;2024-10-15;45;20571;2,7969;4,9503;28331,8215;230631,411;SSA
758;2930102;84512;2024-10-16;46;20496;2,8727;5,1782;25829,9527;239187,7858;SSA
759;3010208;84126;2024-10-07;38;27037;2,7042;4,4472;50808,4107;278277,2618;SSA
760;3010208;84126;2024-10-08;39;27002;2,8074;4,6872;51057,0334;290149,2014;SSA
761;3010208;84126;2024-10-09;40;26964;2,9093;4,9335;50768,3132;302315,605;SSA
762;3010208;84126;2024-10-10;41;26921;3,0095;5,1861;49895,4918;314773,2817;SSA
763;3010208;84126;2024-10-11;42;26871;3,1081;5,445;48391,6471;327517,919;SSA
764;3010208;84126;2024-10-12;43;26812;3,2048;5,7103;46209,9088;340543,9905;SSA
765;3010208;84126;2024-10-13;44;26741;3,2995;5,9818;42889,3229;354244,1659;SSA
766;3010208;84126;2024-10-14;45;26655;3,3922;6,2596;39168,2991;367809,173;SSA
767;3010208;84126;2024-10-15;46;26551;3,4828;6,5437;34584,9717;381627,6586;SSA
768;3010208;84126;2024-10-16;47;26425;3,5711;6,8342;29062,0217;395685,5186;SSA
769;3350104;83741;2024-10-07;45;28861;3,1528;5,4311;50379,0975;359179,7332;SSA
770;3350104;83741;2024-10-08;46;28801;3,2274;5,6699;46439,508;371941,8245;SSA
771;3350104;83741;2024-10-09;47;28728;3,2999;5,9137;41749,1879;384944,4823;SSA
772;3350104;83741;2024-10-10;48;28639;3,3702;6,1627;36258,2444;398178,9258;SSA
773;3350104;83741;2024-10-11;49;28532;3,4384;6,4169;29931,9809;411634,975;SSA
774;2100207;84151;2024-10-07;39;18059;2,7152;4,6006;27092,7388;193610,8141;SSA
775;2100207;84151;2024-10-08;40;18033;2,8141;4,843;26790,201;201616,7504;SSA
776;2100207;84151;2024-10-09;41;18003;2,9114;5,0916;26097,3757;209814,3149;SSA
777;2100207;84151;2024-10-10;42;17969;3,007;5,3464;25000,8062;218200,9576;SSA
778;2100207;84151;2024-10-11;43;17928;3,1009;5,6074;23448,28;226772,5578;SSA
779;2100207;84151;2024-10-12;44;17879;3,1928;5,8746;21413,6037;235524,2659;SSA
780;2100207;84151;2024-10-13;45;17820;3,2828;6,148;18538,6986;244768,3574;SSA
781;2100207;84151;2024-10-14;46;17749;3,3707;6,4277;15420,5394;253860,542;SSA
782;2100207;84151;2024-10-15;47;17663;3,4565;6,7136;11685,9561;263109,7482;SSA
783;2100207;84151;2024-10-16;48;17560;3,5401;7,0056;7294,9686;272504,9226;SSA
784;3010414;84132;2024-10-07;38;30570;2,4617;3,8011;63934,559;274778,1828;SSA
785;3010414;84132;2024-10-08;39;30533;2,5564;4,0085;64951,3439;286378,9658;SSA
786;3010414;84132;2024-10-09;40;30492;2,65;4,2215;65419,2362;298272,3091;SSA
787;3010414;84132;2024-10-10;41;30446;2,742;4,4399;65303,8586;310455,3832;SSA
788;3010414;84132;2024-10-11;42;30392;2,8325;4,6639;64547,4928;322923,9763;SSA
789;3010414;84132;2024-10-12;43;30329;2,9213;4,8934;62716,9949;336073,2138;SSA
790;3010414;84132;2024-10-13;44;30253;3,0083;5,1284;60541,5288;349096,2262;SSA
791;3010414;84132;2024-10-14;45;30161;3,0934;5,3689;57562,2608;362384,4283;SSA
792;3010414;84132;2024-10-15;46;30050;3,1766;5,6149;53720,3351;375927,3977;SSA
793;3010414;84132;2024-10-16;47;29916;3,2577;5,8665;48542,9909;390112,2929;SSA
794;3840106;84035;2024-10-07;45;39978;3,0574;5,2083;121027,0086;429122,2361;SSA
795;3840106;84035;2024-10-08;46;39830;3,1321;5,4409;116822,5687;444679,9074;SSA
796;3840106;84035;2024-10-09;47;39657;3,2046;5,6787;111499,8336;460508,3198;SSA
797;3840106;84035;2024-10-10;48;39454;3,2749;5,9215;104618,497;476950,6915;SSA
798;3840106;84035;2024-10-11;49;39218;3,343;6,1694;96842,7816;493273,0244;SSA
799;3840105;84034;2024-10-07;45;39437;3,0622;5,2152;117352,3116;426200,9447;SSA
800;3840105;84034;2024-10-08;46;39288;3,1369;5,4483;113130,2687;441576,8496;SSA
801;3840105;84034;2024-10-09;47;39113;3,2094;5,6865;107782,5026;457218,9167;SSA
802;3840105;84034;2024-10-10;48;38909;3,2797;5,9298;100897,0417;473470,7058;SSA
803;3840105;84034;2024-10-11;49;38671;3,3478;6,1781;93109,5214;489597,7467;SSA
804;1990103;84082;2024-10-07;41;19360;2,7525;4,4201;41522,9052;198330,4881;SSA
805;1990103;84082;2024-10-08;42;19325;2,8432;4,6431;41082,1818;206226,6429;SSA
806;1990103;84082;2024-10-09;43;19283;2,9322;4,8717;39848,1974;214647,0242;SSA
807;1990103;84082;2024-10-10;44;19233;3,0194;5,1057;38489,5883;222892,9562;SSA
808;1990103;84082;2024-10-11;45;19173;3,1047;5,3453;36967,8583;230959,0438;SSA
809;1990103;84082;2024-10-12;46;19100;3,188;5,5903;34536,0798;239532,643;SSA
810;1990103;84082;2024-10-13;47;19012;3,2693;5,8409;31155,0896;248605,3994;SSA
811;1990103;84082;2024-10-14;48;18906;3,3484;6,0969;27465,9051;257472,6982;SSA
812;1990103;84082;2024-10-15;49;18780;3,4255;6,3585;23082,601;266470,0227;SSA
813;3840107;84036;2024-10-07;45;40794;2,6804;4,7397;44885,235;447272,3729;SSA
814;3840107;84036;2024-10-08;46;40705;2,7458;4,9504;39872,0929;463187,2065;SSA
815;3840107;84036;2024-10-09;47;40597;2,8093;5,1656;33935,4082;479405,1728;SSA
816;3840107;84036;2024-10-10;48;40467;2,8711;5,3855;27029,2714;495915,4585;SSA
817;3840107;84036;2024-10-11;49;40310;2,931;5,6099;18724,8996;513063,0063;SSA
818;1700206;83818;2024-10-07;42;31628;2,4211;4,2519;30409,6515;314258,4272;SSA
819;1700206;83818;2024-10-08;43;31591;2,4903;4,4539;28001,9814;326099,8135;SSA
820;1700206;83818;2024-10-09;44;31547;2,5579;4,6606;25001,2671;338198,8812;SSA
821;1700206;83818;2024-10-10;45;31493;2,6237;4,8719;21363,9676;350550,9432;SSA
822;1700206;83818;2024-10-11;46;31428;2,6879;5,0879;17069,7519;363150,6511;SSA
823;1700206;83818;2024-10-12;47;31349;2,7503;5,3086;12075,7909;375991,1405;SSA
824;1700206;83818;2024-10-13;48;31253;2,8109;5,534;6339,4229;389063,9275;SSA
825;3010206;84124;2024-10-07;38;28846;2,5817;4,2525;51435,1406;283763,1222;SSA
826;3010206;84124;2024-10-08;39;28810;2,6807;4,4826;51300,8059;296310,3096;SSA
827;3010206;84124;2024-10-09;40;28771;2,7783;4,7189;51019,012;308760,454;SSA
828;3010206;84124;2024-10-10;41;28727;2,8744;4,9612;50143,6808;321510,4704;SSA
829;3010206;84124;2024-10-11;42;28676;2,9688;5,2095;48628,7298;334556,1973;SSA
830;3010206;84124;2024-10-12;43;28616;3,0615;5,464;46428,2752;347892,3081;SSA
831;3010206;84124;2024-10-13;44;28544;3,1523;5,7244;43483,126;361511,7449;SSA
832;3010206;84124;2024-10-14;45;28457;3,2411;5,991;39733,6223;375405,5854;SSA
833;3010206;84124;2024-10-15;46;28351;3,3279;6,2636;34705,4963;389962,4106;SSA
834;3010206;84124;2024-10-16;47;28223;3,4126;6,5422;29138,5642;404368,6372;SSA
835;3010413;84131;2024-10-07;38;31546;2,1183;3,2992;44438,3762;256336,4708;SSA
836;3010413;84131;2024-10-08;39;31523;2,1926;3,473;44598,228;266504,3062;SSA
837;3010413;84131;2024-10-09;40;31498;2,2656;3,6512;44278,9082;276924,9698;SSA
838;3010413;84131;2024-10-10;41;31470;2,3372;3,834;43456,0242;287597,0303;SSA
839;3010413;84131;2024-10-11;42;31438;2,4072;4,0211;41706,2761;298918,6342;SSA
840;3010413;84131;2024-10-12;43;31400;2,4756;4,2128;39796,6988;310087,1172;SSA
841;3010413;84131;2024-10-13;44;31355;2,5424;4,4089;37305,7416;321499,3021;SSA
842;3010413;84131;2024-10-14;45;31300;2,6075;4,6095;34190,3656;333150,7209;SSA
843;3010413;84131;2024-10-15;46;31234;2,6708;4,8145;30430,6042;345036,2767;SSA
844;3010413;84131;2024-10-16;47;31153;2,7323;5,0241;25972,1849;357149,0439;SSA
845;190103;84078;2024-10-07;40;31473;2,576;4,1256;60346,6085;304565,6201;SSA
846;190103;84078;2024-10-08;41;31446;2,6565;4,3304;59474,6267;316518,3898;SSA
847;190103;84078;2024-10-09;42;31415;2,7353;4,5402;58016,8722;328747,9972;SSA
848;190103;84078;2024-10-10;43;31378;2,8123;4,7549;55936,1669;341251,4819;SSA
849;190103;84078;2024-10-11;44;31334;2,8875;4,9745;53208,2284;354025,3104;SSA
850;190103;84078;2024-10-12;45;31281;2,9608;5,1992;48939,5954;367922,5225;SSA
851;190103;84078;2024-10-13;46;31217;3,0321;5,4287;44810,1329;381222,2578;SSA
852;190103;84078;2024-10-14;47;31139;3,1015;5,6632;39914,0553;394774,8472;SSA
853;190103;84078;2024-10-15;48;31044;3,1688;5,9027;34203,2567;408571,3024;SSA
854;190103;84078;2024-10-16;49;30930;3,2342;6,1471;27644,0867;422601,2593;SSA
855;2970102;84096;2024-10-07;37;21366;2,1593;3,4555;24261,6652;183398,4345;SSA
856;2970102;84096;2024-10-08;38;21350;2,2388;3,6413;23694,9783;191443,389;SSA
857;2970102;84096;2024-10-09;39;21334;2,3169;3,832;23349,7619;199127,8782;SSA
858;2970102;84096;2024-10-10;40;21317;2,3936;4,0275;22654,7737;207001,6394;SSA
859;2970102;84096;2024-10-11;41;21298;2,4687;4,2279;21589,6028;215063,604;SSA
860;2970102;84096;2024-10-12;42;21276;2,5422;4,4331;20134,3272;223312,2604;SSA
861;2970102;84096;2024-10-13;43;21250;2,614;4,6432;18269,5695;231745,6181;SSA
862;2970102;84096;2024-10-14;44;21219;2,684;4,8581;15976,5524;240361,1701;SSA
863;2970102;84096;2024-10-15;45;21182;2,7522;5,0779;13237,1521;249155,857;SSA
864;2970102;84096;2024-10-16;46;21137;2,8185;5,3025;10021,689;258125,6056;SSA
865;3820204;84100;2024-10-07;40;20652;2,3121;3,8355;24048,2813;190874,6192;SSA
866;3820204;84100;2024-10-08;41;20633;2,3852;4,0268;23310,5697;198199,9517;SSA
867;3820204;84100;2024-10-09;42;20611;2,4567;4,2228;22215,4753;205695,4306;SSA
868;3820204;84100;2024-10-10;43;20585;2,5267;4,4234;20744,1437;213359,1868;SSA
869;3820204;84100;2024-10-11;44;20554;2,5949;4,6287;18878,2176;221188,8667;SSA
870;3820204;84100;2024-10-12;45;20517;2,6615;4,8386;16599,8927;229181,5976;SSA
871;3820204;84100;2024-10-13;46;20472;2,7263;5,0531;13880,1;237333,5549;SSA
872;3820204;84100;2024-10-14;47;20417;2,7893;5,2724;10689,7303;245639,8932;SSA
873;3820204;84100;2024-10-15;48;20350;2,8505;5,4962;6999,8027;254094,6772;SSA
874;3820204;84100;2024-10-16;49;20270;2,9099;5,7247;2381,505;263104,0366;SSA
875;2750103;84093;2024-10-07;38;17139;2,2732;3,8894;8560,2504;166801,4304;SSA
876;2750103;84093;2024-10-08;39;17117;2,355;4,0949;8128,2371;173312,508;SSA
877;2750103;84093;2024-10-09;40;17092;2,4354;4,3057;7374,8432;179981,2248;SSA
878;2750103;84093;2024-10-10;41;17062;2,5141;4,5218;6268,5317;186805,0922;SSA
879;2750103;84093;2024-10-11;42;17027;2,5911;4,7432;4799,7885;193781,4748;SSA
880;2750103;84093;2024-10-12;43;16985;2,6664;4,9698;2001,4597;201842,7514;SSA
881;3820103;84099;2024-10-07;40;41173;2,7017;4,3186;90669,0222;410006,3298;SSA
882;3820103;84099;2024-10-08;41;41111;2,7953;4,5418;90436,6815;426815,5203;SSA
883;3820103;84099;2024-10-09;42;41039;2,8874;4,7706;89330,6589;444018,3592;SSA
884;3820103;84099;2024-10-10;43;40954;2,9777;5,0051;86871,9483;462020,5785;SSA
885;3820103;84099;2024-10-11;44;40852;3,0662;5,2452;83806,9269;479987,349;SSA
886;3820103;84099;2024-10-12;45;40729;3,1527;5,4909;79643,1359;498319,9152;SSA
887;3820103;84099;2024-10-13;46;40580;3,2373;5,7423;74286,7987;517003,7702;SSA
888;3820103;84099;2024-10-14;47;40400;3,3198;5,9992;67230,7778;536434,049;SSA
889;3820103;84099;2024-10-15;48;40183;3,4001;6,2619;59191,5179;555763,6419;SSA
890;3820103;84099;2024-10-16;49;39924;3,4783;6,5301;49661,912;575380,238;SSA
891;3350102;83752;2024-10-07;46;27852;3,8499;6,3803;83285,3993;399349,2094;SSA
892;3350102;83752;2024-10-08;47;27727;3,9463;6,6634;78768,6356;413731,5804;SSA
893;3350102;83752;2024-10-09;48;27577;4,0403;6,9528;73146,219;428346,2825;SSA
894;3350102;83752;2024-10-10;49;27398;4,1316;7,2482;66330,8045;443174,2467;SSA
895;2930101;84511;2024-10-07;37;21986;2,005;3,0128;31866,5206;166546,5846;SSA
896;2930101;84511;2024-10-08;38;21970;2,0796;3,1764;32427,6043;173217,0435;SSA
897;2930101;84511;2024-10-09;39;21954;2,153;3,3443;32690,5128;180059,103;SSA
898;2930101;84511;2024-10-10;40;21937;2,2251;3,5166;32635,1535;187072,1864;SSA
899;2930101;84511;2024-10-11;41;21918;2,2959;3,6932;32241,806;194255,3647;SSA
900;2930101;84511;2024-10-12;42;21896;2,3652;3,8741;31491,1759;201607,3254;SSA
901;2930101;84511;2024-10-13;43;21870;2,4329;4,0594;30364,4472;209126,3394;SSA
902;2930101;84511;2024-10-14;44;21839;2,4991;4,249;28843,3336;216810,2298;SSA
903;2930101;84511;2024-10-15;45;21802;2,5636;4,4429;26910,1281;224656,3387;SSA
904;2930101;84511;2024-10-16;46;21757;2,6264;4,6411;23907,4982;233289,9282;SSA
